{"cameraMode":{"drawMode":0,"name":"Shaded","section":"Shading Mode"},"sceneLighting":false,"audioPlay":false,"sceneViewState":{"showFog":true,"showMaterialUpdate":false,"showSkybox":true,"showFlares":true,"showImageEffects":true,"showParticleSystems":true},"in2DMode":false,"pivot":{"x":-0.15054504573345185,"y":1.2844195365905762,"z":-0.31418585777282717},"rotation":{"x":-0.012256554327905178,"y":0.919123113155365,"z":-0.39273369312286379,"w":-0.028684433549642564},"size":5.715777397155762,"orthographic":false}