{"cameraMode":{"drawMode":0,"name":"Shaded","section":"Shading Mode"},"sceneLighting":true,"audioPlay":false,"sceneViewState":{"showFog":true,"showMaterialUpdate":false,"showSkybox":true,"showFlares":true,"showImageEffects":true,"showParticleSystems":true},"in2DMode":false,"pivot":{"x":-1.176465392112732,"y":-56.064544677734378,"z":-48.77021026611328},"rotation":{"x":0.002187668811529875,"y":-0.9035380482673645,"z":0.42847758531570437,"w":0.00461339158937335},"size":113.30291748046875,"orthographic":false}