{"cameraMode":{"drawMode":0,"name":"Shaded","section":"Shading Mode"},"sceneLighting":false,"audioPlay":false,"sceneViewState":{"showFog":true,"showMaterialUpdate":false,"showSkybox":true,"showFlares":true,"showImageEffects":true,"showParticleSystems":true},"in2DMode":false,"pivot":{"x":-1.7881393432617188e-7,"y":1.0750000476837159,"z":1.1920928955078126e-7},"rotation":{"x":-0.0022380081936717035,"y":-0.9098619222640991,"z":0.41487619280815127,"w":-0.004907938651740551},"size":5.150142192840576,"orthographic":false}