{"cameraMode":{"drawMode":0,"name":"Shaded","section":"Shading Mode"},"sceneLighting":true,"audioPlay":false,"sceneViewState":{"showFog":true,"showMaterialUpdate":false,"showSkybox":true,"showFlares":true,"showImageEffects":true,"showParticleSystems":true},"in2DMode":false,"pivot":{"x":-0.3099897503852844,"y":-25.4487247467041,"z":-22.089021682739259},"rotation":{"x":-0.005637108348309994,"y":0.9041140675544739,"z":-0.4270873963832855,"w":-0.011933508329093457},"size":70.46155548095703,"orthographic":false}