{"cameraMode":{"drawMode":0,"name":"Shaded","section":"Shading Mode"},"sceneLighting":true,"audioPlay":false,"sceneViewState":{"showFog":true,"showMaterialUpdate":false,"showSkybox":true,"showFlares":true,"showImageEffects":true,"showParticleSystems":true},"in2DMode":false,"pivot":{"x":-0.4916572570800781,"y":-0.03820633888244629,"z":0.6093902587890625},"rotation":{"x":-0.1221705973148346,"y":0.8609691262245178,"z":-0.24553510546684266,"w":-0.42839136719703677},"size":7.48048210144043,"orthographic":false}