{"cameraMode":{"drawMode":0,"name":"Shaded","section":"Shading Mode"},"sceneLighting":true,"audioPlay":false,"sceneViewState":{"showFog":true,"showMaterialUpdate":false,"showSkybox":true,"showFlares":true,"showImageEffects":true,"showParticleSystems":true},"in2DMode":false,"pivot":{"x":0.7433385848999023,"y":-16.26365852355957,"z":-33.53883361816406},"rotation":{"x":-0.0009269273141399026,"y":-0.9712563753128052,"z":0.23800399899482728,"w":-0.0037821587175130846},"size":53.7122802734375,"orthographic":false}