{"cameraMode":{"drawMode":0,"name":"Shaded","section":"Shading Mode"},"sceneLighting":true,"audioPlay":false,"sceneViewState":{"showFog":true,"showMaterialUpdate":false,"showSkybox":true,"showFlares":true,"showImageEffects":true,"showParticleSystems":true},"in2DMode":false,"pivot":{"x":-0.42889851331710818,"y":-63.32550811767578,"z":-38.250240325927737},"rotation":{"x":0.00104502122849226,"y":-0.868158221244812,"z":0.4962831139564514,"w":0.0018282602541148663},"size":107.9551010131836,"orthographic":false}