{"cameraMode":{"drawMode":0,"name":"Shaded","section":"Shading Mode"},"sceneLighting":true,"audioPlay":false,"sceneViewState":{"showFog":true,"showMaterialUpdate":false,"showSkybox":true,"showFlares":true,"showImageEffects":true,"showParticleSystems":true},"in2DMode":false,"pivot":{"x":-0.812346875667572,"y":-67.7334213256836,"z":-29.956737518310548},"rotation":{"x":0.0035245674662292005,"y":-0.84573894739151,"z":0.5335560441017151,"w":0.005586953368037939},"size":107.9551010131836,"orthographic":false}